feature,coefficient,abs_coefficient
cat__ORIGIN_PRC,1.2041239017745988,1.2041239017745988
cat__ORIGIN_ATL,-1.0410884757169787,1.0410884757169787
cat__DEST_HIB,-1.0330662998918179,1.0330662998918179
cat__DEST_MMH,0.942452184842759,0.942452184842759
cat__ORIGIN_SCC,-0.9187382995291238,0.9187382995291238
cat__DEST_WRG,0.8873851231195832,0.8873851231195832
cat__ORIGIN_STATE_ABR_HI,-0.8524541440283174,0.8524541440283174
cat__DEST_ABR,-0.8433773654497269,0.8433773654497269
cat__ORIGIN_LAX,-0.8262095164115602,0.8262095164115602
cat__DEST_COD,0.8176049164120512,0.8176049164120512
cat__DEST_MFR,-0.7750642983724136,0.7750642983724136
cat__DEST_RHI,-0.7309024365419915,0.7309024365419915
cat__DEST_GCK,-0.6950516008290727,0.6950516008290727
cat__DEST_GJT,-0.6922501802028761,0.6922501802028761
cat__ORIGIN_RKS,-0.6897065638665613,0.6897065638665613
cat__ORIGIN_YUM,-0.6884847022634283,0.6884847022634283
cat__DEST_LBF,-0.688414069268499,0.688414069268499
cat__DEST_ATY,0.6746456301555551,0.6746456301555551
cat__DEST_OTH,0.6548470732326103,0.6548470732326103
cat__ORIGIN_BQK,0.6448441518970285,0.6448441518970285
cat__ORIGIN_ESC,-0.6435546287531148,0.6435546287531148
cat__ORIGIN_PLN,-0.6430086262934679,0.6430086262934679
cat__ORIGIN_IMT,0.636229444090778,0.636229444090778
cat__ORIGIN_MMH,0.6297931972207873,0.6297931972207873
cat__DEST_DEC,0.6297273955161463,0.6297273955161463
cat__DEST_CKB,0.6251015961022088,0.6251015961022088
cat__DEST_BET,-0.6245278486628681,0.6245278486628681
cat__ORIGIN_OTH,0.6128669130177526,0.6128669130177526
cat__ORIGIN_ALO,-0.6069570709832786,0.6069570709832786
cat__ORIGIN_STATE_ABR_AK,-0.5989927094719886,0.5989927094719886
cat__ORIGIN_CYS,-0.5957927257398673,0.5957927257398673
cat__ORIGIN_ITH,0.5897815088347184,0.5897815088347184
cat__ORIGIN_GUM,-0.5881628061006735,0.5881628061006735
cat__ORIGIN_YAK,-0.5840713406046769,0.5840713406046769
cat__DEST_UIN,0.5806855826998853,0.5806855826998853
cat__ORIGIN_GRI,0.5644986592322299,0.5644986592322299
cat__ORIGIN_STATE_ABR_TT,-0.5615327083135493,0.5615327083135493
cat__DEST_ASE,0.5561336478494615,0.5561336478494615
cat__ORIGIN_COU,0.5516556671832787,0.5516556671832787
cat__DEST_JAC,0.5482178418529368,0.5482178418529368
cat__DEST_ATL,-0.5333553096756279,0.5333553096756279
cat__ORIGIN_WYS,-0.5306429098152796,0.5306429098152796
cat__DEST_GUM,0.5278743367932393,0.5278743367932393
cat__ORIGIN_BQN,0.5206253293982955,0.5206253293982955
cat__DEST_IMT,0.5180975562018012,0.5180975562018012
cat__DEST_TXK,-0.5119840570374969,0.5119840570374969
cat__DEST_SWO,-0.5098265979483856,0.5098265979483856
cat__DEST_INL,-0.5082008730527806,0.5082008730527806
cat__DEST_IAG,-0.5071517310957255,0.5071517310957255
cat__DEST_EAU,-0.505651652895673,0.505651652895673
cat__DEST_YAK,-0.49822124605849105,0.49822124605849105
cat__ORIGIN_PVU,0.4961716558211166,0.4961716558211166
cat__ORIGIN_CKB,0.49555183348228,0.49555183348228
cat__ORIGIN_ITO,-0.49018306704206777,0.49018306704206777
cat__ORIGIN_PGV,0.4901485523989177,0.4901485523989177
cat__ORIGIN_HIB,0.48616786614289237,0.48616786614289237
cat__ORIGIN_HDN,0.48436189431888294,0.48436189431888294
cat__ORIGIN_AGS,0.47459819151064647,0.47459819151064647
cat__ORIGIN_LBF,-0.47236378983423444,0.47236378983423444
cat__DEST_BOI,0.4689306967016046,0.4689306967016046
cat__ORIGIN_MLU,-0.4672058728100981,0.4672058728100981
cat__DEST_LSE,0.4623117667336562,0.4623117667336562
cat__DEST_PIH,-0.46206417067672995,0.46206417067672995
cat__DEST_LAN,-0.45667947116184676,0.45667947116184676
cat__DEST_LAX,-0.4547293086971059,0.4547293086971059
cat__ORIGIN_BPT,0.4526570256072277,0.4526570256072277
cat__ORIGIN_PHX,-0.4524631492855531,0.4524631492855531
cat__ORIGIN_SFB,0.4511737058986533,0.4511737058986533
cat__ORIGIN_GJT,-0.4501498993373702,0.4501498993373702
cat__ORIGIN_MSP,-0.44878715399575264,0.44878715399575264
cat__ORIGIN_STS,0.4470300517902176,0.4470300517902176
cat__DEST_RIW,-0.44670700862498064,0.44670700862498064
cat__DEST_BLV,-0.44409308297579764,0.44409308297579764
cat__DEST_ESC,-0.44221243554002915,0.44221243554002915
cat__DEST_PSG,-0.4415130899920212,0.4415130899920212
cat__DEST_STATE_ABR_MN,-0.440902380417565,0.440902380417565
cat__DEST_BFF,0.4347561434206959,0.4347561434206959
cat__ORIGIN_COD,0.4336562104743656,0.4336562104743656
cat__DEST_STATE_ABR_DE,0.42849673245197606,0.42849673245197606
cat__DEST_ILG,0.42849673245197606,0.42849673245197606
cat__OP_UNIQUE_CARRIER_DL,-0.4280986193828453,0.4280986193828453
cat__ORIGIN_HVN,-0.42520271730920745,0.42520271730920745
cat__ORIGIN_PUB,0.4242555815586777,0.4242555815586777
cat__DEST_SHR,-0.4153622667420089,0.4153622667420089
cat__DEST_ADQ,0.4152475485175097,0.4152475485175097
cat__ORIGIN_MHK,-0.414895475144727,0.414895475144727
cat__DEST_STATE_ABR_TT,0.41414080062649306,0.41414080062649306
cat__DEST_BZN,0.4124086890203088,0.4124086890203088
cat__ORIGIN_ANC,-0.4087588123885735,0.4087588123885735
cat__DEST_LBL,0.40614981917417936,0.40614981917417936
cat__DEST_SLC,-0.40266947994766406,0.40266947994766406
cat__ORIGIN_SHV,0.4009299192926623,0.4009299192926623
cat__ORIGIN_PDX,-0.39655325709714934,0.39655325709714934
cat__DEST_BQN,0.3922062440984338,0.3922062440984338
cat__DEST_HGR,0.38847822078678956,0.38847822078678956
cat__DEST_EGE,0.3869162970758737,0.3869162970758737
cat__DEST_LYH,-0.3856364430091075,0.3856364430091075
cat__DEST_CNY,0.3844634905207533,0.3844634905207533
cat__ORIGIN_AVP,0.38292579591368636,0.38292579591368636
cat__ORIGIN_DEN,-0.38268427258016174,0.38268427258016174
cat__DEST_EWN,0.38192126156383593,0.38192126156383593
cat__OP_UNIQUE_CARRIER_F9,0.38041586687855133,0.38041586687855133
cat__DEST_DIK,-0.378267901779209,0.378267901779209
cat__DEST_SIT,0.37461093283916397,0.37461093283916397
cat__ORIGIN_BLV,0.3730698714938646,0.3730698714938646
cat__DEST_VCT,-0.3725822997461052,0.3725822997461052
cat__DEST_LCK,-0.3716852635247454,0.3716852635247454
cat__OP_UNIQUE_CARRIER_YX,-0.3716797971760913,0.3716797971760913
cat__DEST_BIH,0.3712050791177676,0.3712050791177676
cat__DEST_CDC,0.365674372459653,0.365674372459653
cat__ORIGIN_YKM,-0.3651381243701023,0.3651381243701023
cat__DEST_PGV,0.3641387267629921,0.3641387267629921
cat__ORIGIN_LBL,0.36201007546128483,0.36201007546128483
cat__DEST_MLB,0.3618541552286786,0.3618541552286786
cat__ORIGIN_DBQ,0.36022739261860864,0.36022739261860864
cat__ORIGIN_JAN,-0.3593663377418104,0.3593663377418104
cat__ORIGIN_DFW,-0.35796935654183576,0.35796935654183576
cat__DEST_CRW,-0.35758415600383053,0.35758415600383053
cat__DEST_PRC,0.35543860998963106,0.35543860998963106
cat__ORIGIN_MQT,0.3544987735564088,0.3544987735564088
cat__ORIGIN_SCK,0.3537330460642292,0.3537330460642292
cat__OP_UNIQUE_CARRIER_G4,0.3526186547041803,0.3526186547041803
cat__ORIGIN_DRT,-0.3502071589415723,0.3502071589415723
cat__ORIGIN_ROA,0.3493399533957255,0.3493399533957255
cat__ORIGIN_CLT,-0.3488696063866029,0.3488696063866029
cat__DEST_HOB,-0.34882388506975587,0.34882388506975587
cat__DEST_IDA,0.3473005908702668,0.3473005908702668
cat__DEST_OMA,0.3469584201989691,0.3469584201989691
cat__DEST_STATE_ABR_WV,0.3463980667873402,0.3463980667873402
cat__OP_UNIQUE_CARRIER_UA,-0.34501418489872565,0.34501418489872565
cat__DEST_HVN,-0.3447570133851085,0.3447570133851085
cat__DEST_ELM,-0.33999819557946437,0.33999819557946437
cat__ORIGIN_JFK,-0.33959527989750926,0.33959527989750926
cat__ORIGIN_BIH,0.33868846631727456,0.33868846631727456
cat__ORIGIN_DRO,-0.3386304151103478,0.3386304151103478
cat__DEST_ABI,-0.3385172828419757,0.3385172828419757
cat__DEST_GTF,-0.3384614761752526,0.3384614761752526
cat__ORIGIN_EAT,0.33705524811994275,0.33705524811994275
cat__ORIGIN_ADK,0.3359794139160081,0.3359794139160081
cat__ORIGIN_MCI,-0.33530682006300966,0.33530682006300966
cat__DEST_STATE_ABR_HI,0.3352192008662769,0.3352192008662769
cat__ORIGIN_SEA,-0.33297227837417803,0.33297227837417803
cat__DEST_EWR,0.3327514855817155,0.3327514855817155
cat__DEST_EAT,0.33256799451236346,0.33256799451236346
cat__ORIGIN_STATE_ABR_UT,-0.3316622001998433,0.3316622001998433
cat__ORIGIN_ACT,0.3315188344566646,0.3315188344566646
cat__ORIGIN_MEI,0.3312927609669275,0.3312927609669275
cat__DEST_YUM,-0.3310118264260614,0.3310118264260614
cat__ORIGIN_CDV,0.3301029011372349,0.3301029011372349
cat__DEST_KTN,0.33008569104538427,0.33008569104538427
cat__DEST_HLN,-0.32968020458847624,0.32968020458847624
cat__DEST_JST,0.32497876750252275,0.32497876750252275
cat__ORIGIN_SGU,-0.32467416789591536,0.32467416789591536
cat__OP_UNIQUE_CARRIER_9E,-0.3240980340264145,0.3240980340264145
cat__ORIGIN_LRD,-0.32214343239937454,0.32214343239937454
cat__ORIGIN_DTW,-0.32035097122450806,0.32035097122450806
cat__ORIGIN_TVC,0.3203085244913413,0.3203085244913413
cat__DEST_ROA,-0.31878905700552745,0.31878905700552745
cat__ORIGIN_LBE,-0.3178688376865542,0.3178688376865542
cat__ORIGIN_CIU,0.3167217393764582,0.3167217393764582
cat__DEST_ACV,0.3161912507836948,0.3161912507836948
cat__ORIGIN_DVL,0.3156299591587775,0.3156299591587775
cat__ORIGIN_VEL,-0.3154133595066015,0.3154133595066015
cat__ORIGIN_FAT,0.31514471387919385,0.31514471387919385
cat__DEST_CPR,-0.3139786443813299,0.3139786443813299
cat__DEST_OAJ,-0.3135768321457031,0.3135768321457031
cat__ORIGIN_ORD,-0.3134839987530358,0.3134839987530358
cat__ORIGIN_OGD,0.312498945742387,0.312498945742387
cat__ORIGIN_SFO,-0.3103645529635984,0.3103645529635984
cat__ORIGIN_DIK,-0.3099247020408342,0.3099247020408342
cat__ORIGIN_PSG,0.3089207978869017,0.3089207978869017
cat__ORIGIN_SHD,-0.30859172043140304,0.30859172043140304
cat__DEST_SPS,-0.3077158365778084,0.3077158365778084
cat__ORIGIN_GCC,0.3075813982971341,0.3075813982971341
cat__ORIGIN_RFD,-0.3075562050362814,0.3075562050362814
cat__DEST_BWI,-0.3073891225310796,0.3073891225310796
cat__ORIGIN_IAD,-0.3073729778829897,0.3073729778829897
cat__DEST_TLH,-0.30592924507352104,0.30592924507352104
cat__DEST_MSP,0.30564675991247003,0.30564675991247003
cat__DEST_PSE,-0.3046749667412392,0.3046749667412392
cat__DEST_GCC,-0.30428821741697387,0.30428821741697387
cat__ORIGIN_ASE,0.3029465593064638,0.3029465593064638
cat__ORIGIN_ISP,0.30099086766173255,0.30099086766173255
cat__ORIGIN_PSC,0.2994454521664629,0.2994454521664629
cat__DEST_ACY,-0.29898026762193025,0.29898026762193025
cat__DEST_STT,0.29831375067012816,0.29831375067012816
cat__DEST_VLD,-0.2974258719247994,0.2974258719247994
cat__DEST_XNA,0.29720874107135126,0.29720874107135126
cat__ORIGIN_KOA,-0.2971961203915431,0.2971961203915431
cat__ORIGIN_DCA,-0.29688150024739823,0.29688150024739823
cat__ORIGIN_OAJ,-0.29606875325547966,0.29606875325547966
cat__DEST_SGU,-0.29532102143684125,0.29532102143684125
cat__ORIGIN_STATE_ABR_PR,0.29311951799623004,0.29311951799623004
cat__DEST_AEX,-0.2925714830004714,0.2925714830004714
cat__ORIGIN_STATE_ABR_WV,0.29054913957525563,0.29054913957525563
cat__ORIGIN_MEM,-0.29047177201400015,0.29047177201400015
cat__ORIGIN_CHO,0.28820588242706824,0.28820588242706824
cat__DEST_FAI,-0.28808696080990503,0.28808696080990503
cat__DEST_SCK,-0.2862740071168894,0.2862740071168894
cat__ORIGIN_STATE_ABR_ID,-0.2853621793507648,0.2853621793507648
cat__ORIGIN_MIA,-0.284707027830887,0.284707027830887
cat__ORIGIN_BUF,-0.28445806930323364,0.28445806930323364
cat__ORIGIN_WRG,-0.28083864405182335,0.28083864405182335
cat__DEST_STATE_ABR_AK,0.2800381977948873,0.2800381977948873
cat__ORIGIN_HHH,0.27918293728431115,0.27918293728431115
cat__DEST_ABQ,0.27862349070748993,0.27862349070748993
cat__ORIGIN_SWO,-0.27476737308465715,0.27476737308465715
cat__ORIGIN_SAN,-0.27277104048452117,0.27277104048452117
cat__ORIGIN_EYW,0.2721392958303455,0.2721392958303455
cat__DEST_SWF,0.2720724606023336,0.2720724606023336
cat__DEST_ELP,0.27187773787764885,0.27187773787764885
cat__DEST_ISN,-0.27138651107419876,0.27138651107419876
cat__ORIGIN_IND,-0.2706607121054864,0.2706607121054864
cat__ORIGIN_JMS,0.2689498632393465,0.2689498632393465
cat__ORIGIN_SCE,0.26740025647879084,0.26740025647879084
cat__DEST_LRD,-0.26631153645932065,0.26631153645932065
cat__DEST_RDD,-0.26601366775376184,0.26601366775376184
cat__ORIGIN_LSE,-0.265500770630692,0.265500770630692
cat__DEST_ANC,-0.26526239838439036,0.26526239838439036
cat__ORIGIN_USA,0.2638568171057109,0.2638568171057109
cat__DEST_ACT,-0.26309427377675776,0.26309427377675776
cat__DEST_HHH,0.2614212989535881,0.2614212989535881
cat__DEST_STATE_ABR_CA,0.2613988231535317,0.2613988231535317
cat__DEST_OME,0.26075186356866853,0.26075186356866853
cat__DEST_CWA,0.2598314101543545,0.2598314101543545
cat__DEST_SAT,0.259692956746291,0.259692956746291
cat__DEST_MRY,-0.2590798022553983,0.2590798022553983
cat__DEST_SAN,-0.25811854897993086,0.25811854897993086
cat__OP_UNIQUE_CARRIER_VX,-0.25680682013441075,0.25680682013441075
cat__ORIGIN_STATE_ABR_VT,0.2563444370550211,0.2563444370550211
cat__ORIGIN_BTV,0.2563444370550211,0.2563444370550211
cat__ORIGIN_SPN,0.25623249407146914,0.25623249407146914
cat__ORIGIN_MSO,0.2541871007843093,0.2541871007843093
cat__ORIGIN_DLH,-0.25411355818938813,0.25411355818938813
cat__ORIGIN_STL,-0.2537621587267082,0.2537621587267082
cat__DEST_ISP,0.2532091251596972,0.2532091251596972
cat__ORIGIN_ISN,-0.25314253989959323,0.25314253989959323
cat__DEST_HPN,0.2527537164182393,0.2527537164182393
cat__ORIGIN_EWN,-0.2508289135257899,0.2508289135257899
cat__ORIGIN_JAC,0.250616042379717,0.250616042379717
cat__ORIGIN_BTM,0.2505823627986353,0.2505823627986353
cat__DEST_STATE_ABR_CO,0.24940950494363615,0.24940950494363615
cat__ORIGIN_HYA,0.24918471279194784,0.24918471279194784
cat__DEST_STATE_ABR_NE,-0.24816486660387674,0.24816486660387674
cat__ORIGIN_CLD,-0.24801551046107642,0.24801551046107642
cat__DEST_FOD,-0.24623163747804477,0.24623163747804477
cat__DEST_RNO,0.24596869606619473,0.24596869606619473
cat__DEST_CLD,0.24583558549587434,0.24583558549587434
cat__ORIGIN_HLN,-0.24506341189807584,0.24506341189807584
cat__DEST_ATW,0.24444864778852543,0.24444864778852543
cat__DEST_HDN,0.24400996828465737,0.24400996828465737
cat__ORIGIN_CNY,-0.2437211483782132,0.2437211483782132
cat__DEST_BRD,0.24355404428562674,0.24355404428562674
cat__DEST_MIA,-0.24337703924998533,0.24337703924998533
cat__ORIGIN_SMX,-0.24103996789748514,0.24103996789748514
cat__DEST_LWS,-0.24074238163377407,0.24074238163377407
cat__ORIGIN_MGM,0.23930172359013288,0.23930172359013288
cat__ORIGIN_HTS,-0.237024017290388,0.237024017290388
cat__ORIGIN_LCH,-0.23682832024325706,0.23682832024325706
cat__ORIGIN_MYR,-0.23663913006707632,0.23663913006707632
cat__ORIGIN_AVL,0.23621661237676161,0.23621661237676161
cat__DEST_LCH,-0.23595176068177912,0.23595176068177912
cat__ORIGIN_SJU,-0.23588969300248452,0.23588969300248452
cat__DEST_CDV,0.23528020646524,0.23528020646524
cat__DEST_BGM,-0.2345636942480923,0.2345636942480923
cat__ORIGIN_BDL,0.2324281516495181,0.2324281516495181
cat__ORIGIN_PSM,0.2315242390235592,0.2315242390235592
cat__DEST_STX,-0.23051336602612496,0.23051336602612496
cat__DEST_RDM,0.23048027994831896,0.23048027994831896
cat__ORIGIN_PPG,-0.22960239628434442,0.22960239628434442
cat__DEST_AVL,-0.22777824494575144,0.22777824494575144
cat__ORIGIN_PIT,-0.22722817933160852,0.22722817933160852
cat__ORIGIN_LYH,0.22674494348790558,0.22674494348790558
cat__DEST_PBG,0.22626415780806156,0.22626415780806156
cat__ORIGIN_RDM,-0.22609547103404543,0.22609547103404543
cat__DEST_CLT,-0.22592379405160104,0.22592379405160104
cat__DEST_AUS,0.22545429826775112,0.22545429826775112
cat__ORIGIN_GGG,0.224853003075073,0.224853003075073
cat__ORIGIN_STATE_ABR_MT,-0.22351411319203152,0.22351411319203152
cat__DEST_SCC,-0.2223540004952272,0.2223540004952272
cat__DEST_EKO,-0.2222265696761706,0.2222265696761706
cat__DEST_SBP,-0.22068104056578974,0.22068104056578974
cat__ORIGIN_BTR,0.22032586477062643,0.22032586477062643
cat__DEST_ABY,0.21975517301476247,0.21975517301476247
cat__DEST_STATE_ABR_UT,0.2197191724675388,0.2197191724675388
cat__ORIGIN_EVV,0.21925341297533477,0.21925341297533477
cat__DEST_DRO,-0.21878814573048821,0.21878814573048821
cat__ORIGIN_SJC,-0.21753313980078487,0.21753313980078487
cat__ORIGIN_MCO,-0.21696040391210458,0.21696040391210458
cat__DEST_EAR,-0.21659200079069404,0.21659200079069404
cat__ORIGIN_JNU,0.21626140799044893,0.21626140799044893
cat__ORIGIN_MSY,-0.21597788261577133,0.21597788261577133
cat__ORIGIN_ABR,-0.21581286120334986,0.21581286120334986
cat__DEST_BKG,-0.21538942023841356,0.21538942023841356
cat__ORIGIN_RDD,0.21469034955068744,0.21469034955068744
cat__ORIGIN_LWS,-0.21443092679826584,0.21443092679826584
cat__ORIGIN_ORH,-0.2118788232277066,0.2118788232277066
cat__DEST_GPT,-0.21082128792229707,0.21082128792229707
cat__ORIGIN_GFK,0.2105622352210001,0.2105622352210001
cat__DEST_LIT,0.2090564392162891,0.2090564392162891
cat__ORIGIN_XWA,-0.2090291404645584,0.2090291404645584
cat__ORIGIN_SUX,0.20841149940707132,0.20841149940707132
cat__ORIGIN_OME,0.20808161790647348,0.20808161790647348
cat__DEST_STATE_ABR_ID,-0.20742040593163502,0.20742040593163502
cat__ORIGIN_DEC,-0.20703010083980708,0.20703010083980708
cat__ORIGIN_TRI,0.20647797913755783,0.20647797913755783
cat__OP_UNIQUE_CARRIER_AS,-0.20507702581205745,0.20507702581205745
cat__ORIGIN_GST,0.20386981998283482,0.20386981998283482
cat__ORIGIN_STATE_ABR_AL,0.20369020488914225,0.20369020488914225
cat__DEST_USA,0.20355392320519217,0.20355392320519217
cat__DEST_MYR,-0.20162094614365167,0.20162094614365167
cat__ORIGIN_JST,-0.20136907678484772,0.20136907678484772
cat__ORIGIN_STATE_ABR_WA,-0.20134298521888713,0.20134298521888713
cat__ORIGIN_STATE_ABR_OK,-0.20119370630175532,0.20119370630175532
cat__DEST_MDT,-0.20068831970909237,0.20068831970909237
cat__ORIGIN_ICT,0.2005202583465669,0.2005202583465669
cat__ORIGIN_ACV,-0.2001677790634809,0.2001677790634809
cat__DEST_STATE_ABR_WI,-0.20001445136267076,0.20001445136267076
cat__DEST_DRT,-0.19970038870513077,0.19970038870513077
cat__DEST_STATE_ABR_WY,-0.1992380083213545,0.1992380083213545
cat__ORIGIN_MFR,-0.19879004821622906,0.19879004821622906
cat__DEST_PIR,-0.19858027708816206,0.19858027708816206
cat__DEST_MCW,0.19706586762210382,0.19706586762210382
cat__ORIGIN_STATE_ABR_NJ,0.19688769477709525,0.19688769477709525
cat__DEST_STATE_ABR_CT,-0.19682638192780316,0.19682638192780316
cat__ORIGIN_LCK,-0.19678696382283606,0.19678696382283606
cat__DEST_FAR,0.19661004374276153,0.19661004374276153
cat__DEST_MFE,0.19613342946160214,0.19613342946160214
cat__DEST_TYS,0.195960315343067,0.195960315343067
cat__DEST_SMX,0.19564550555992202,0.19564550555992202
cat__DEST_DEN,-0.19519804703524743,0.19519804703524743
cat__ORIGIN_RHI,0.19499931682701205,0.19499931682701205
cat__DEST_ALO,-0.1949562586534351,0.1949562586534351
cat__DEST_LGA,0.1943761635452572,0.1943761635452572
cat__DEST_ALW,-0.19431841506472575,0.19431841506472575
cat__DEST_ILM,-0.19359908774240375,0.19359908774240375
cat__DEST_STC,0.19282698406835444,0.19282698406835444
cat__ORIGIN_STATE_ABR_CT,-0.19277456565968765,0.19277456565968765
cat__DEST_STATE_ABR_OH,-0.19233533871458447,0.19233533871458447
cat__DEST_BRW,0.19197702024119934,0.19197702024119934
cat__ORIGIN_BMI,0.1918799456667578,0.1918799456667578
cat__ORIGIN_TLH,-0.19164916351127678,0.19164916351127678
cat__DEST_GRI,-0.19098812747436217,0.19098812747436217
cat__ORIGIN_CRW,0.18947682917127187,0.18947682917127187
cat__ORIGIN_VLD,-0.18940738046699304,0.18940738046699304
cat__DEST_STATE_ABR_VA,-0.1887535998777807,0.1887535998777807
cat__DEST_STATE_ABR_NH,-0.1879958920943227,0.1879958920943227
cat__ORIGIN_MKG,-0.18751567059334606,0.18751567059334606
cat__ORIGIN_TYS,0.18644277424564784,0.18644277424564784
cat__ORIGIN_PIR,0.1857299969957772,0.1857299969957772
cat__ORIGIN_AEX,0.18495782550181256,0.18495782550181256
cat__ORIGIN_STATE_ABR_VA,0.18391193037489353,0.18391193037489353
cat__ORIGIN_CRP,0.18210698959594657,0.18210698959594657
cat__DEST_DAL,0.18174851177427084,0.18174851177427084
cat__DEST_BFL,0.1814341695829925,0.1814341695829925
cat__ORIGIN_CID,0.18132537615451003,0.18132537615451003
cat__DEST_BIS,0.18114106032794405,0.18114106032794405
cat__ORIGIN_SPS,0.1807586720331599,0.1807586720331599
cat__ORIGIN_GPT,0.18056500397307002,0.18056500397307002
cat__ORIGIN_AMA,0.18029113551795709,0.18029113551795709
cat__ORIGIN_STATE_ABR_ME,0.17983044728590813,0.17983044728590813
cat__DEST_STS,0.1793955864522807,0.1793955864522807
cat__ORIGIN_MFE,-0.17904125608077273,0.17904125608077273
cat__ORIGIN_PIE,-0.17805874096017002,0.17805874096017002
cat__DEST_STATE_ABR_ND,-0.1780355060616597,0.1780355060616597
cat__DEST_CMI,-0.1778614256229693,0.1778614256229693
cat__DEST_GUC,0.17768022100944805,0.17768022100944805
cat__DEST_CAK,0.17730043125365233,0.17730043125365233
cat__DEST_SBN,-0.17597743798381602,0.17597743798381602
cat__ORIGIN_BGM,0.17562598592980275,0.17562598592980275
cat__DEST_TWF,-0.17549132206914023,0.17549132206914023
cat__DEST_GRR,0.17506854982412684,0.17506854982412684
cat__DEST_BIL,0.17490860242060935,0.17490860242060935
cat__ORIGIN_LAR,0.1738932747973047,0.1738932747973047
cat__ORIGIN_BET,-0.17317381848088578,0.17317381848088578
cat__DEST_HRL,0.17313313801261226,0.17313313801261226
cat__DEST_STATE_ABR_GA,-0.171166074611566,0.171166074611566
cat__DEST_JLN,0.17096081273405217,0.17096081273405217
cat__DEST_STATE_ABR_AR,-0.1694467668074101,0.1694467668074101
cat__ORIGIN_MLI,0.16933556862381566,0.16933556862381566
cat__DEST_CGI,0.16897239571799594,0.16897239571799594
cat__ORIGIN_GCK,-0.16757187782851704,0.16757187782851704
cat__DEST_MHK,0.16731723404782545,0.16731723404782545
cat__ORIGIN_GNV,0.1670503896113469,0.1670503896113469
cat__ORIGIN_MAF,-0.1665132695258642,0.1665132695258642
cat__ORIGIN_HRL,-0.1651958349925975,0.1651958349925975
cat__DEST_STATE_ABR_LA,-0.16441468237131343,0.16441468237131343
cat__DEST_ERI,0.1643030013281465,0.1643030013281465
cat__DEST_RST,0.16374793080178815,0.16374793080178815
cat__DEST_FSM,-0.16372789005760138,0.16372789005760138
cat__DEST_TBN,0.16197765033839076,0.16197765033839076
cat__DEST_TUS,0.16191587505649999,0.16191587505649999
cat__ORIGIN_TTN,0.1616211388001648,0.1616211388001648
cat__ORIGIN_RST,0.16133075283935666,0.16133075283935666
cat__DEST_MLU,0.16114974732723705,0.16114974732723705
cat__ORIGIN_DAL,0.16081706601732212,0.16081706601732212
cat__DEST_MOB,-0.16078828885755822,0.16078828885755822
cat__DEST_SAV,0.16049692152259323,0.16049692152259323
cat__ORIGIN_PWM,0.16030598538285132,0.16030598538285132
cat__ORIGIN_STATE_ABR_WY,-0.15965897450094402,0.15965897450094402
cat__DEST_DHN,0.15930152653260968,0.15930152653260968
cat__ORIGIN_SLC,-0.1591982128671352,0.1591982128671352
cat__ORIGIN_LIH,-0.1589445560606657,0.1589445560606657
cat__DEST_AVP,-0.15864237997995986,0.15864237997995986
cat__DEST_VPS,-0.1585609341892431,0.1585609341892431
cat__ORIGIN_STATE_ABR_NV,-0.15855838032692451,0.15855838032692451
cat__DEST_AMA,0.15853948734925058,0.15853948734925058
cat__DEST_SJT,-0.15831926976655258,0.15831926976655258
cat__DEST_STL,-0.15763642633540179,0.15763642633540179
cat__ORIGIN_LWB,-0.15745550578790826,0.15745550578790826
cat__ORIGIN_OWB,0.15740241772143407,0.15740241772143407
cat__DEST_AGS,0.15718967356078822,0.15718967356078822
cat__ORIGIN_TPA,-0.15716068643769962,0.15716068643769962
cat__DEST_BMI,-0.15678447856098948,0.15678447856098948
cat__DEST_ICT,0.15599567313771182,0.15599567313771182
cat__DEST_PGD,0.1559389158695365,0.1559389158695365
cat__ORIGIN_STATE_ABR_CO,0.1558609285350323,0.1558609285350323
cat__DEST_PVU,0.15556993902267074,0.15556993902267074
cat__DEST_MCO,-0.15529567350452234,0.15529567350452234
cat__DEST_PBI,0.15501195800984904,0.15501195800984904
cat__ORIGIN_AZO,0.15434037020575206,0.15434037020575206
cat__DEST_LAW,0.15409436978879876,0.15409436978879876
cat__DEST_TPA,-0.15389594780581917,0.15389594780581917
cat__DEST_PSM,-0.15288074256929893,0.15288074256929893
cat__DEST_OKC,0.151765003645246,0.151765003645246
cat__ORIGIN_SWF,0.1517329339726031,0.1517329339726031
cat__DEST_STATE_ABR_TX,-0.1515785133963146,0.1515785133963146
cat__DEST_EYW,0.15101145022510415,0.15101145022510415
cat__DEST_CEC,-0.1505584609714627,0.1505584609714627
cat__DEST_ABE,-0.15052112486238356,0.15052112486238356
cat__ORIGIN_FLO,0.14977171720618204,0.14977171720618204
cat__ORIGIN_STATE_ABR_TX,-0.14961675189178938,0.14961675189178938
cat__DEST_PIE,-0.14932093848210298,0.14932093848210298
cat__DEST_PIB,-0.14879384621089312,0.14879384621089312
cat__DEST_HNL,0.1485422899033116,0.1485422899033116
cat__DEST_SNA,-0.1485033665253912,0.1485033665253912
cat__DEST_BDL,0.14793063145730348,0.14793063145730348
cat__ORIGIN_SYR,-0.14718190180087462,0.14718190180087462
cat__ORIGIN_FOD,-0.145976237067678,0.145976237067678
cat__ORIGIN_GUC,0.14560463372870863,0.14560463372870863
cat__DEST_CLL,-0.14552375191545275,0.14552375191545275
cat__DEST_SUN,-0.14535381912387607,0.14535381912387607
cat__DEST_LBB,0.14511096745677785,0.14511096745677785
cat__DEST_EUG,0.14481589935850472,0.14481589935850472
cat__ORIGIN_ABE,0.1445275427553079,0.1445275427553079
cat__DEST_SHV,0.1442521569884893,0.1442521569884893
cat__DEST_PIT,-0.14423494490217809,0.14423494490217809
cat__DEST_FSD,0.14388872597030714,0.14388872597030714
cat__DEST_PDX,-0.1438455390757151,0.1438455390757151
cat__ORIGIN_TUS,0.14384071472688706,0.14384071472688706
cat__DEST_PHX,-0.14372185697250348,0.14372185697250348
cat__DEST_TYR,0.14329646299982235,0.14329646299982235
cat__DEST_GSP,-0.14308792390617175,0.14308792390617175
cat__DEST_DVL,-0.142552899986261,0.142552899986261
cat__ORIGIN_BOS,-0.14112126138700737,0.14112126138700737
cat__DEST_SGF,-0.14051270842068972,0.14051270842068972
cat__DEST_ORF,0.14044141499952104,0.14044141499952104
cat__ORIGIN_STATE_ABR_SC,0.1403055560034299,0.1403055560034299
cat__ORIGIN_LFT,0.1399149037372203,0.1399149037372203
cat__ORIGIN_IFP,-0.13984527626324272,0.13984527626324272
cat__DEST_STATE_ABR_KS,-0.1395841536244741,0.1395841536244741
cat__ORIGIN_EKO,-0.13940975590455645,0.13940975590455645
cat__ORIGIN_GRK,-0.13938009855878428,0.13938009855878428
cat__DEST_STATE_ABR_MI,-0.13903495199228327,0.13903495199228327
cat__ORIGIN_SDF,-0.13710923747874904,0.13710923747874904
cat__ORIGIN_LEX,0.13674890985532018,0.13674890985532018
cat__ORIGIN_FSD,0.13549325371481624,0.13549325371481624
cat__ORIGIN_FLL,-0.13496012709644806,0.13496012709644806
cat__DEST_STATE_ABR_SD,-0.1347444647493793,0.1347444647493793
cat__ORIGIN_STATE_ABR_NY,0.13411780837127732,0.13411780837127732
cat__DEST_STATE_ABR_NM,-0.13377765728245275,0.13377765728245275
cat__DEST_ITH,0.1337299706760789,0.1337299706760789
cat__ORIGIN_HGR,-0.1333131984507916,0.1333131984507916
cat__ORIGIN_LGA,-0.13298132985228406,0.13298132985228406
cat__ORIGIN_DLG,0.13229645621642971,0.13229645621642971
cat__ORIGIN_EAR,-0.13188249638084398,0.13188249638084398
cat__ORIGIN_ROW,0.13162165993629968,0.13162165993629968
cat__ORIGIN_STATE_ABR_NE,-0.13122834610734455,0.13122834610734455
cat__DEST_SHD,0.13096218389695452,0.13096218389695452
cat__ORIGIN_PIA,0.1301506761448852,0.1301506761448852
cat__ORIGIN_STATE_ABR_MO,0.12978003450947362,0.12978003450947362
cat__ORIGIN_MLB,-0.1293352034281992,0.1293352034281992
cat__DEST_XWA,0.12900393077959768,0.12900393077959768
cat__DEST_FLL,-0.1282248090004969,0.1282248090004969
cat__DEST_BTM,-0.1275957001759579,0.1275957001759579
cat__ORIGIN_MKE,-0.1272975280942322,0.1272975280942322
cat__DEST_SFB,0.12725229838419147,0.12725229838419147
cat__DEST_PUB,0.12696894552740023,0.12696894552740023
cat__ORIGIN_COS,0.12663723584855058,0.12663723584855058
cat__ORIGIN_PAE,0.12648907105224894,0.12648907105224894
cat__ORIGIN_STATE_ABR_DE,-0.12640340835314087,0.12640340835314087
cat__ORIGIN_ILG,-0.12640340835314087,0.12640340835314087
cat__DEST_BQK,0.1261614964014631,0.1261614964014631
cat__ORIGIN_OTZ,-0.12602787032299556,0.12602787032299556
cat__DEST_STATE_ABR_TN,-0.12589645669876298,0.12589645669876298
cat__ORIGIN_BUR,0.12558175898281748,0.12558175898281748
cat__DEST_MDW,-0.12555209966389946,0.12555209966389946
cat__ORIGIN_FCA,0.12546054222861505,0.12546054222861505
cat__OP_UNIQUE_CARRIER_AA,-0.12392320465066578,0.12392320465066578
cat__DEST_SJC,-0.12340125052175059,0.12340125052175059
cat__DEST_STATE_ABR_AL,-0.12298817309053114,0.12298817309053114
cat__ORIGIN_ABQ,-0.1224519835578057,0.1224519835578057
cat__ORIGIN_OKC,0.12235409107746226,0.12235409107746226
cat__ORIGIN_ONT,-0.12177684556083906,0.12177684556083906
cat__ORIGIN_MCW,-0.12076620079897812,0.12076620079897812
cat__DEST_CHO,0.12032584075873533,0.12032584075873533
cat__ORIGIN_STATE_ABR_AR,0.12004643486818385,0.12004643486818385
cat__DEST_FNT,-0.119782327876976,0.119782327876976
cat__ORIGIN_PHF,0.11958642635043903,0.11958642635043903
cat__DEST_SRQ,0.11944913900317272,0.11944913900317272
cat__ORIGIN_STATE_ABR_NH,0.11928062642357179,0.11928062642357179
cat__ORIGIN_STATE_ABR_MS,0.11917200311844182,0.11917200311844182
cat__DEST_LBE,0.11817609025951895,0.11817609025951895
cat__ORIGIN_CGI,0.11811113940782104,0.11811113940782104
cat__DEST_CIU,0.11725681988012526,0.11725681988012526
cat__DEST_CHA,-0.11670266747736437,0.11670266747736437
cat__DEST_MAF,0.11634711828948777,0.11634711828948777
cat__DEST_TOL,-0.11631165730366239,0.11631165730366239
cat__ORIGIN_STATE_ABR_IN,0.1161426699251539,0.1161426699251539
cat__ORIGIN_TBN,0.11611546296502484,0.11611546296502484
cat__OP_UNIQUE_CARRIER_B6,0.11583315788748663,0.11583315788748663
cat__ORIGIN_MRY,-0.11538686595502051,0.11538686595502051
cat__DEST_MEM,-0.11520241039353238,0.11520241039353238
cat__ORIGIN_ROC,-0.11511806303126626,0.11511806303126626
cat__DEST_FLG,-0.11423866675658881,0.11423866675658881
cat__ORIGIN_FSM,0.11423577472758013,0.11423577472758013
cat__ORIGIN_CMX,0.11408456226923587,0.11408456226923587
cat__DEST_AZO,0.1134311513964104,0.1134311513964104
cat__DEST_STATE_ABR_KY,-0.11282593213278169,0.11282593213278169
cat__ORIGIN_STATE_ABR_OH,-0.11227306712006699,0.11227306712006699
cat__ORIGIN_MHT,-0.11224361259998678,0.11224361259998678
cat__DEST_PQI,0.11154238743787173,0.11154238743787173
cat__DEST_STATE_ABR_OR,0.11123341509117465,0.11123341509117465
cat__ORIGIN_IAH,-0.11072358380132652,0.11072358380132652
cat__ORIGIN_EUG,0.11030417937829022,0.11030417937829022
cat__DEST_JAN,0.10949133952166387,0.10949133952166387
cat__ORIGIN_BFM,0.10912189047801113,0.10912189047801113
cat__DEST_DSM,0.10890264552161355,0.10890264552161355
cat__DEST_WYS,0.10749575142464869,0.10749575142464869
cat__DEST_MEI,0.10735366621567712,0.10735366621567712
cat__DEST_MTJ,-0.10674068686632894,0.10674068686632894
cat__DEST_HYS,-0.10664116354540049,0.10664116354540049
cat__DEST_OTZ,0.10567569137081365,0.10567569137081365
cat__DEST_BRO,-0.10552002405757983,0.10552002405757983
cat__ORIGIN_ACK,0.10523425625542743,0.10523425625542743
cat__ORIGIN_ALW,-0.10436663995929693,0.10436663995929693
cat__ORIGIN_PNS,0.10435427622741628,0.10435427622741628
cat__ORIGIN_BIL,-0.10408283142773386,0.10408283142773386
cat__DEST_DBQ,0.10374666239776008,0.10374666239776008
cat__ORIGIN_OGG,0.10352714733870708,0.10352714733870708
cat__ORIGIN_ATW,0.10298800473678803,0.10298800473678803
cat__ORIGIN_BJI,0.10271650358899091,0.10271650358899091
cat__DEST_TUL,0.10264120199341548,0.10264120199341548
cat__ORIGIN_CLL,0.10250534589661492,0.10250534589661492
cat__ORIGIN_GRB,0.1025031952255799,0.1025031952255799
cat__DEST_CID,-0.10214126449176583,0.10214126449176583
cat__ORIGIN_BWI,0.10168497737042395,0.10168497737042395
cat__DEST_SYR,-0.10155753517333305,0.10155753517333305
cat__DEST_STATE_ABR_OK,-0.10132602252070418,0.10132602252070418
cat__DEST_DAB,0.10120824484624646,0.10120824484624646
cat__ORIGIN_SUN,-0.10080069092739477,0.10080069092739477
cat__DEST_DDC,-0.10040135832998269,0.10040135832998269
cat__DEST_HTS,0.10003486427985128,0.10003486427985128
cat__OP_UNIQUE_CARRIER_US,-0.09998484599180711,0.09998484599180711
cat__ORIGIN_LAS,-0.09915817208157922,0.09915817208157922
cat__OP_UNIQUE_CARRIER_MQ,-0.09848257824294931,0.09848257824294931
cat__ORIGIN_STATE_ABR_OR,-0.09826768395156012,0.09826768395156012
cat__DEST_DLH,0.09798678054198068,0.09798678054198068
cat__DEST_RFD,-0.09789579817903327,0.09789579817903327
cat__DEST_DLG,-0.09772940562475356,0.09772940562475356
cat__ORIGIN_UIN,0.0976722094854771,0.0976722094854771
cat__ORIGIN_CDC,-0.09732591311532478,0.09732591311532478
cat__DEST_SCE,0.09697110288265888,0.09697110288265888
cat__ORIGIN_PBG,0.09692028837025021,0.09692028837025021
cat__DEST_CMH,0.09682876615067289,0.09682876615067289
cat__DEST_COU,0.09667035500745748,0.09667035500745748
cat__DEST_BJI,0.09660229291728789,0.09660229291728789
cat__ORIGIN_FAI,0.09652955390051278,0.09652955390051278
cat__ORIGIN_APN,-0.09617110601880921,0.09617110601880921
cat__ORIGIN_ACY,0.09549980370219574,0.09549980370219574
cat__DEST_OAK,-0.09546724831753578,0.09546724831753578
cat__DEST_MBS,0.09534827925574385,0.09534827925574385
cat__ORIGIN_BKG,0.09505580443428943,0.09505580443428943
cat__ORIGIN_DAB,0.09456107291954899,0.09456107291954899
cat__DEST_MVY,0.0939183609577875,0.0939183609577875
cat__ORIGIN_PAH,-0.09217755087393817,0.09217755087393817
cat__DEST_MQT,-0.09183005838768597,0.09183005838768597
cat__ORIGIN_FWA,0.0913263837926317,0.0913263837926317
cat__ORIGIN_PSP,0.09119490866744508,0.09119490866744508
cat__DEST_VEL,0.09117162124582394,0.09117162124582394
cat__ORIGIN_STATE_ABR_NC,0.09097850872537064,0.09097850872537064
cat__ORIGIN_CSG,0.09054334878375,0.09054334878375
cat__ORIGIN_FLG,-0.09047546718575462,0.09047546718575462
cat__DEST_IAH,0.09016308698174447,0.09016308698174447
cat__DEST_LAR,-0.09004770240805436,0.09004770240805436
cat__ORIGIN_SPI,-0.08985948205292635,0.08985948205292635
cat__DEST_SDF,-0.0889288009604433,0.0889288009604433
cat__DEST_SMF,0.08888306759849188,0.08888306759849188
cat__DEST_RAP,0.08867882166265431,0.08867882166265431
cat__DEST_TRI,-0.0885680229324922,0.0885680229324922
cat__ORIGIN_GEG,-0.08836175611613775,0.08836175611613775
cat__ORIGIN_PIH,-0.08834120226846998,0.08834120226846998
cat__DEST_DTW,-0.08802759719211431,0.08802759719211431
cat__ORIGIN_TXK,0.08766714287649402,0.08766714287649402
cat__ORIGIN_JLN,-0.08727714341030003,0.08727714341030003
cat__DEST_GFK,0.08695384335357521,0.08695384335357521
cat__ORIGIN_BFL,0.08693993731346299,0.08693993731346299
cat__ORIGIN_BNA,-0.08601529166386715,0.08601529166386715
cat__ORIGIN_ABI,-0.08597011960348298,0.08597011960348298
cat__DEST_STATE_ABR_NY,-0.08558374246979292,0.08558374246979292
cat__ORIGIN_ALS,-0.0848282319093462,0.0848282319093462
cat__ORIGIN_SLN,0.0846821658541078,0.0846821658541078
cat__DEST_RIC,0.08404837180577765,0.08404837180577765
cat__ORIGIN_JAX,-0.08389919442741353,0.08389919442741353
cat__DEST_BUF,-0.08376981866336872,0.08376981866336872
cat__ORIGIN_STATE_ABR_SD,0.08340852490022564,0.08340852490022564
cat__ORIGIN_TWF,0.08329335761212864,0.08329335761212864
cat__DEST_OGS,-0.08299447371426227,0.08299447371426227
cat__ORIGIN_MBS,0.08224027272837219,0.08224027272837219
cat__ORIGIN_ART,-0.08209250006322989,0.08209250006322989
cat__ORIGIN_UST,0.08160632617703097,0.08160632617703097
cat__DEST_GRK,-0.0814996282674141,0.0814996282674141
cat__DEST_STATE_ABR_MD,0.08108909825567323,0.08108909825567323
cat__ORIGIN_BOI,0.08024892579345419,0.08024892579345419
cat__DEST_JFK,-0.08003021095819589,0.08003021095819589
cat__ORIGIN_STATE_ABR_MI,0.08002996150215479,0.08002996150215479
cat__ORIGIN_RNO,0.08000954765889964,0.08000954765889964
cat__DEST_AZA,0.07997054407776856,0.07997054407776856
cat__DEST_OGD,-0.07916974939646543,0.07916974939646543
cat__DEST_MSN,0.07915499400892051,0.07915499400892051
cat__ORIGIN_SRQ,0.07831358278006717,0.07831358278006717
cat__DEST_MGM,-0.07808060003384452,0.07808060003384452
cat__ORIGIN_XNA,-0.07732173631413651,0.07732173631413651
cat__DEST_GSO,-0.07664714018544833,0.07664714018544833
cat__DEST_MLI,-0.07651088272438553,0.07651088272438553
cat__ORIGIN_SBN,0.07622358526260371,0.07622358526260371
cat__ORIGIN_AUS,0.07598858310008504,0.07598858310008504
cat__DEST_UST,-0.07575119405364944,0.07575119405364944
cat__DEST_STATE_ABR_MS,-0.07553733736032552,0.07553733736032552
cat__ORIGIN_SGF,-0.07481191728097684,0.07481191728097684
cat__DEST_FCA,0.07460077517869503,0.07460077517869503
cat__DEST_BOS,-0.07451416511233447,0.07451416511233447
cat__ORIGIN_TUL,-0.07447411091126128,0.07447411091126128
cat__DEST_JMS,0.07440096270902177,0.07440096270902177
cat__ORIGIN_BHM,-0.07388106944934773,0.07388106944934773
cat__ORIGIN_LBB,-0.07368013296996663,0.07368013296996663
cat__ORIGIN_HYS,-0.07347160003760952,0.07347160003760952
cat__ORIGIN_PGD,0.07297887899143692,0.07297887899143692
cat__DEST_CRP,0.07294657075952903,0.07294657075952903
cat__DEST_EVV,0.0728005938708613,0.0728005938708613
cat__DEST_SPI,-0.07233380001896371,0.07233380001896371
cat__OP_UNIQUE_CARRIER_OH,0.07233258590781087,0.07233258590781087
cat__DEST_JAX,0.07187349790679319,0.07187349790679319
cat__DEST_BHM,0.07019316884797022,0.07019316884797022
cat__ORIGIN_CAK,0.06999699300803966,0.06999699300803966
cat__ORIGIN_BLI,-0.06996646803915803,0.06996646803915803
cat__ORIGIN_BZN,0.06969876998094267,0.06969876998094267
cat__ORIGIN_DSM,0.06954482056430744,0.06954482056430744
cat__DEST_SUX,0.06927539482219526,0.06927539482219526
cat__ORIGIN_FAR,-0.06913104178928069,0.06913104178928069
cat__ORIGIN_LNK,-0.06858470022672995,0.06858470022672995
cat__DEST_STATE_ABR_VI,0.06780038464400366,0.06780038464400366
cat__OP_UNIQUE_CARRIER_OO,-0.0677739651333033,0.0677739651333033
cat__ORIGIN_BIS,-0.06747719848017185,0.06747719848017185
cat__DEST_LIH,0.06740881386491135,0.06740881386491135
cat__DEST_KOA,0.0672759864704929,0.0672759864704929
cat__DEST_GTR,0.0672327910355319,0.0672327910355319
cat__ORIGIN_ECP,0.06698204902598796,0.06698204902598796
cat__ORIGIN_MDW,-0.06618480510625291,0.06618480510625291
cat__DEST_LNK,0.06611476731002928,0.06611476731002928
cat__DEST_SPN,-0.0656873353889011,0.0656873353889011
cat__DEST_BGR,-0.06563658970661533,0.06563658970661533
cat__DEST_PUW,-0.06562679833395356,0.06562679833395356
cat__DEST_HOU,0.0654449946080837,0.0654449946080837
cat__DEST_STATE_ABR_IA,-0.06433859025954901,0.06433859025954901
cat__DEST_GST,-0.06379711497648587,0.06379711497648587
cat__DEST_ROC,-0.06320702716478181,0.06320702716478181
cat__ORIGIN_SBA,0.0630226401861069,0.0630226401861069
cat__ORIGIN_SJT,-0.06275056159575366,0.06275056159575366
cat__DEST_SFO,0.06258340959783817,0.06258340959783817
cat__ORIGIN_STATE_ABR_PA,0.06250445213598346,0.06250445213598346
cat__ORIGIN_BFF,-0.06226642562890081,0.06226642562890081
cat__ORIGIN_MOT,0.062166844514181197,0.062166844514181197
cat__DEST_GRB,-0.062020276595981666,0.062020276595981666
cat__ORIGIN_RAP,-0.06194268285914792,0.06194268285914792
num__CRS_DEP_HOUR,0.06185750287046172,0.06185750287046172
cat__ORIGIN_DAY,0.0613906437029462,0.0613906437029462
cat__OP_UNIQUE_CARRIER_YV,0.06112777205094827,0.06112777205094827
cat__ORIGIN_BRO,-0.06080582033126634,0.06080582033126634
cat__DEST_CAE,0.06069758068299724,0.06069758068299724
cat__DEST_TTN,-0.060643557168232505,0.060643557168232505
cat__ORIGIN_EWR,-0.06023324772549762,0.06023324772549762
cat__ORIGIN_HOB,-0.06017982340971552,0.06017982340971552
cat__ORIGIN_RIC,0.05986017381983372,0.05986017381983372
cat__DEST_LEX,-0.05962772697366224,0.05962772697366224
cat__DEST_PHF,0.059205059560275046,0.059205059560275046
cat__DEST_STATE_ABR_AZ,0.05894011586001488,0.05894011586001488
cat__ORIGIN_ERI,0.05866303855463647,0.05866303855463647
cat__ORIGIN_SNA,-0.05864073818977612,0.05864073818977612
cat__DEST_BFM,-0.05702736606409545,0.05702736606409545
cat__OP_UNIQUE_CARRIER_WN,-0.056878358709265574,0.056878358709265574
cat__DEST_BUR,-0.05685318190657824,0.05685318190657824
cat__ORIGIN_FAY,-0.056659372360265595,0.056659372360265595
cat__DEST_PAE,-0.05659819027506591,0.05659819027506591
cat__DEST_HSV,-0.05658661351570044,0.05658661351570044
cat__ORIGIN_RIW,0.05642882943879703,0.05642882943879703
cat__DEST_FAT,0.05482141081405186,0.05482141081405186
cat__DEST_OWB,0.05474468327698783,0.05474468327698783
cat__DEST_GNV,0.05420059285133223,0.05420059285133223
cat__ORIGIN_STATE_ABR_IA,-0.05419042010544485,0.05419042010544485
cat__ORIGIN_CWA,-0.0539502517231528,0.0539502517231528
cat__DEST_MOT,-0.0539380341348943,0.0539380341348943
cat__DEST_MSY,0.053695300548342415,0.053695300548342415
cat__DEST_STATE_ABR_IN,-0.05346843537091565,0.05346843537091565
cat__ORIGIN_TOL,-0.05338631500525955,0.05338631500525955
cat__DEST_PIA,-0.05310975985463238,0.05310975985463238
cat__ORIGIN_CVG,-0.053044855927318516,0.053044855927318516
cat__ORIGIN_ORF,0.053020749453733515,0.053020749453733515
cat__DEST_MKE,0.052813095985454715,0.052813095985454715
cat__DEST_ALB,0.052652165069674975,0.052652165069674975
cat__ORIGIN_SAV,0.05233265266549855,0.05233265266549855
cat__ORIGIN_CPR,-0.052181406682837043,0.052181406682837043
cat__ORIGIN_STATE_ABR_MN,0.051492006827962226,0.051492006827962226
cat__ORIGIN_STATE_ABR_ND,-0.05139572054111531,0.05139572054111531
cat__ORIGIN_ILM,0.05084056400271139,0.05084056400271139
cat__DEST_IFP,0.05058743689237881,0.05058743689237881
cat__DEST_RSW,0.05057900921639849,0.05057900921639849
cat__DEST_OGG,0.050124338871669685,0.050124338871669685
cat__DEST_PWM,-0.04989037814991003,0.04989037814991003
cat__ORIGIN_STATE_ABR_CA,-0.049527217198967105,0.049527217198967105
cat__DEST_YKM,-0.049467253400164064,0.049467253400164064
cat__ORIGIN_DHN,-0.049392924283344304,0.049392924283344304
cat__DEST_ORD,-0.048152657106953295,0.048152657106953295
cat__ORIGIN_VCT,0.048065249391817576,0.048065249391817576
cat__DEST_PPG,-0.04804620077784484,0.04804620077784484
cat__DEST_STATE_ABR_MO,0.04767494940267136,0.04767494940267136
cat__ORIGIN_ELP,0.04686200081403269,0.04686200081403269
cat__DEST_SJU,-0.04658613493602846,0.04658613493602846
cat__ORIGIN_KTN,0.04630338296183372,0.04630338296183372
cat__DEST_STATE_ABR_MA,-0.04613669905184088,0.04613669905184088
cat__ORIGIN_FNT,0.04595111905605555,0.04595111905605555
cat__DEST_CLE,0.04560987837586888,0.04560987837586888
cat__ORIGIN_SAT,-0.045542443211098925,0.045542443211098925
cat__ORIGIN_OGS,-0.045402366847211106,0.045402366847211106
cat__ORIGIN_SMF,-0.045337399742288786,0.045337399742288786
cat__ORIGIN_IDA,-0.04533164276226699,0.04533164276226699
cat__ORIGIN_HSV,-0.0446636377897033,0.0446636377897033
cat__ORIGIN_SAF,0.04419576238729049,0.04419576238729049
cat__ORIGIN_SHR,-0.0441540335989799,0.0441540335989799
cat__DEST_ROW,-0.04405628106705368,0.04405628106705368
cat__ORIGIN_INL,-0.043884789353914384,0.043884789353914384
cat__ORIGIN_STATE_ABR_MA,0.04377724066022492,0.04377724066022492
cat__DEST_SBA,0.0436962478119203,0.0436962478119203
cat__ORIGIN_GTF,-0.0436537358435206,0.0436537358435206
cat__ORIGIN_STATE_ABR_TN,0.04331619593357503,0.04331619593357503
cat__DEST_ONT,-0.04239078680237183,0.04239078680237183
cat__ORIGIN_MVY,0.042358356227460384,0.042358356227460384
cat__DEST_ALS,-0.042341804624081845,0.042341804624081845
cat__DEST_STATE_ABR_IL,-0.041881006489953694,0.041881006489953694
cat__ORIGIN_PIB,-0.04161020920364281,0.04161020920364281
cat__DEST_STATE_ABR_PR,0.040945142421079515,0.040945142421079515
cat__DEST_RDU,0.04082669620950073,0.04082669620950073
cat__ORIGIN_SBP,-0.04063740187467751,0.04063740187467751
cat__DEST_STATE_ABR_PA,0.04003990141066109,0.04003990141066109
cat__DEST_SEA,0.03998169681647604,0.03998169681647604
cat__ORIGIN_ATY,0.03994081825210341,0.03994081825210341
cat__DEST_MGW,-0.03975692457042161,0.03975692457042161
cat__ORIGIN_STATE_ABR_RI,0.039425362360737015,0.039425362360737015
cat__ORIGIN_PVD,0.039425362360737015,0.039425362360737015
cat__ORIGIN_OMA,0.03937040673113357,0.03937040673113357
cat__DEST_PAH,-0.0392380356779357,0.0392380356779357
cat__DEST_STATE_ABR_NC,-0.038622270089956605,0.038622270089956605
cat__ORIGIN_STATE_ABR_GA,0.038571309434393,0.038571309434393
cat__ORIGIN_MTJ,-0.03820482048833321,0.03820482048833321
cat__DEST_STATE_ABR_MT,-0.037781050474015476,0.037781050474015476
cat__DEST_FWA,0.03752540000294469,0.03752540000294469
cat__DEST_MCI,-0.03736770940147338,0.03736770940147338
cat__ORIGIN_STT,0.037056958566771846,0.037056958566771846
cat__ORIGIN_LAN,-0.03682073889457833,0.03682073889457833
cat__DEST_STATE_ABR_RI,-0.03653565696163013,0.03653565696163013
cat__DEST_PVD,-0.036535656961630116,0.036535656961630116
cat__ORIGIN_ADQ,0.03611019847032706,0.03611019847032706
cat__ORIGIN_STATE_ABR_FL,0.03523841848734755,0.03523841848734755
cat__DEST_MHT,-0.03511514952502503,0.03511514952502503
cat__ORIGIN_CEC,-0.03457563622217756,0.03457563622217756
cat__DEST_PSP,-0.034367640406567077,0.034367640406567077
cat__ORIGIN_EAU,0.03408154637364134,0.03408154637364134
cat__ORIGIN_BRD,0.03370367999231193,0.03370367999231193
cat__DEST_STATE_ABR_SC,0.033651691002338675,0.033651691002338675
cat__ORIGIN_EGE,-0.03344733679917788,0.03344733679917788
cat__DEST_SLN,0.03304724272027837,0.03304724272027837
cat__ORIGIN_STX,-0.032734682784030245,0.032734682784030245
cat__DEST_HYA,-0.03217592457991332,0.03217592457991332
cat__DEST_ADK,-0.032175779120216665,0.032175779120216665
cat__DEST_FLO,0.03163737536864671,0.03163737536864671
cat__ORIGIN_STATE_ABR_MD,-0.03162822108036427,0.03162822108036427
cat__ORIGIN_CAE,-0.029709362092183358,0.029709362092183358
cat__ORIGIN_BRW,-0.029398555106567883,0.029398555106567883
cat__ORIGIN_ALB,-0.028312530231138847,0.028312530231138847
cat__DEST_TVC,0.02767862972450214,0.02767862972450214
cat__ORIGIN_SIT,0.027650026230181892,0.027650026230181892
cat__ORIGIN_TYR,-0.027393485911340637,0.027393485911340637
cat__ORIGIN_STATE_ABR_AZ,-0.027335664197803894,0.027335664197803894
cat__ORIGIN_CHA,0.02688250622838571,0.02688250622838571
cat__DEST_STATE_ABR_NJ,-0.02687233920912895,0.02687233920912895
cat__DEST_JNU,0.02652728099917012,0.02652728099917012
cat__ORIGIN_STATE_ABR_LA,0.026116437633299964,0.026116437633299964
cat__DEST_ECP,0.02595430235116857,0.02595430235116857
cat__DEST_STATE_ABR_NV,0.025878720659801423,0.025878720659801423
cat__ORIGIN_LAW,0.025693686616736055,0.025693686616736055
cat__DEST_CHS,0.024604306047146408,0.024604306047146408
cat__DEST_LGB,-0.024306363689361662,0.024306363689361662
num__CRS_ARR_HOUR,0.02422024172643844,0.02422024172643844
cat__DEST_DAY,-0.024077493666237626,0.024077493666237626
cat__ORIGIN_PHL,-0.023587970951336534,0.023587970951336534
cat__ORIGIN_MOB,0.023204222343427724,0.023204222343427724
cat__DEST_ART,0.022631184847297706,0.022631184847297706
cat__DEST_GEG,0.022615632566101582,0.022615632566101582
cat__DEST_DCA,-0.022599463360576274,0.022599463360576274
cat__DEST_BPT,-0.021792304793682153,0.021792304793682153
cat__ORIGIN_MDT,-0.020958116813262706,0.020958116813262706
cat__ORIGIN_STATE_ABR_KS,-0.0208669575486451,0.0208669575486451
cat__DEST_CVG,0.020223948201925128,0.020223948201925128
cat__ORIGIN_AKN,-0.020090945586623176,0.020090945586623176
cat__ORIGIN_CMH,0.019676778850302973,0.019676778850302973
cat__ORIGIN_BGR,0.01952446190306924,0.01952446190306924
cat__DEST_SAF,-0.019520981853086004,0.019520981853086004
cat__ORIGIN_GSP,-0.0192669786213228,0.0192669786213228
cat__ORIGIN_IAG,-0.01899591257687885,0.01899591257687885
cat__OP_UNIQUE_CARRIER_HA,-0.018858928715936932,0.018858928715936932
cat__DEST_LWB,0.018602686979525742,0.018602686979525742
cat__ORIGIN_CMI,0.01797547419756642,0.01797547419756642
cat__DEST_ORH,-0.01693401097512063,0.01693401097512063
cat__ORIGIN_GRR,-0.016923102494235655,0.016923102494235655
cat__DEST_PSC,-0.016773238326799098,0.016773238326799098
cat__DEST_ACK,-0.016430959342187933,0.016430959342187933
cat__ORIGIN_HPN,0.01558295261911794,0.01558295261911794
cat__ORIGIN_STATE_ABR_WI,-0.014491534468717438,0.014491534468717438
cat__ORIGIN_STC,0.01435870580383568,0.01435870580383568
cat__ORIGIN_LGB,0.014161453037997509,0.014161453037997509
cat__DEST_STATE_ABR_VT,-0.014116914080174408,0.014116914080174408
cat__DEST_BTV,-0.014116914080174403,0.014116914080174403
cat__OP_UNIQUE_CARRIER_QX,0.014088449760881201,0.014088449760881201
cat__DEST_BLI,-0.013851847559421595,0.013851847559421595
cat__DEST_AKN,-0.013835316247483166,0.013835316247483166
cat__OP_UNIQUE_CARRIER_NK,0.013285577411007363,0.013285577411007363
cat__ORIGIN_CLE,-0.013164203853157048,0.013164203853157048
cat__DEST_COS,0.013019289654650316,0.013019289654650316
cat__DEST_MKG,-0.012843785364516929,0.012843785364516929
cat__DEST_APN,0.012733338426949056,0.012733338426949056
num__MONTH,-0.012267120358453606,0.012267120358453606
cat__DEST_IND,0.012183008738868555,0.012183008738868555
cat__ORIGIN_DDC,-0.012140504199729524,0.012140504199729524
cat__ORIGIN_STATE_ABR_KY,0.0118196832970545,0.0118196832970545
cat__DEST_CMX,0.011672447227592189,0.011672447227592189
cat__ORIGIN_RSW,0.011554777518176022,0.011554777518176022
cat__DEST_MSO,-0.011457487578596158,0.011457487578596158
cat__ORIGIN_HOU,0.011275897078982619,0.011275897078982619
num__DAY_OF_WEEK,0.01053015709525697,0.01053015709525697
cat__DEST_PHL,-0.010302291108035556,0.010302291108035556
cat__DEST_GGG,0.010146750736231076,0.010146750736231076
cat__ORIGIN_VPS,0.009727726945036782,0.009727726945036782
cat__ORIGIN_HNL,-0.009657547873134534,0.009657547873134534
num__CRS_ELAPSED_TIME,-0.009364010070345274,0.009364010070345274
cat__ORIGIN_GSO,0.008617303901862017,0.008617303901862017
cat__DEST_FAY,0.008462221239269123,0.008462221239269123
cat__ORIGIN_PSE,0.008383881600419972,0.008383881600419972
cat__DEST_PNS,-0.008329057034618335,0.008329057034618335
cat__ORIGIN_GTR,0.0082907851238829,0.0082907851238829
cat__OP_UNIQUE_CARRIER_EV,-0.008102780306545291,0.008102780306545291
cat__DEST_RKS,0.007965901898255811,0.007965901898255811
cat__ORIGIN_STATE_ABR_NM,-0.006814384643940738,0.006814384643940738
cat__ORIGIN_ABY,0.006748820762276362,0.006748820762276362
num__ORIGIN_Air_Carrier,0.006704955340957269,0.006704955340957269
num__ORIGIN_General_Aviation,0.006690070485785521,0.006690070485785521
cat__ORIGIN_RDU,-0.006274695535227753,0.006274695535227753
num__ORIGIN_WSF2,0.006183059972631752,0.006183059972631752
num__ORIGIN_Air_Taxi,0.005790921698890546,0.005790921698890546
num__DEST_Air_Carrier,0.005591503535133793,0.005591503535133793
num__DEST_General_Aviation,0.005540297516650442,0.005540297516650442
num__DEST_WSF2,0.0052927295577853,0.0052927295577853
num__DEST_Air_Taxi,0.004933818034865146,0.004933818034865146
num__ORIGIN_Military_Itinerant,0.004655445550678064,0.004655445550678064
cat__ORIGIN_LIT,-0.004534746421781154,0.004534746421781154
num__DEST_Military_Itinerant,0.004477521507247011,0.004477521507247011
cat__DEST_STATE_ABR_FL,-0.004351274501233678,0.004351274501233678
cat__ORIGIN_STATE_ABR_VI,0.004322275782741712,0.004322275782741712
num__ORIGIN_AWND,-0.0043097614685477115,0.0043097614685477115
num__ORIGIN_Total_Operations,-0.004270237540677384,0.004270237540677384
cat__ORIGIN_AZA,-0.004031685699468431,0.004031685699468431
cat__ORIGIN_STATE_ABR_IL,-0.004030846174961698,0.004030846174961698
cat__DEST_CSG,-0.003988157510461402,0.003988157510461402
cat__DEST_STATE_ABR_ME,-0.003984580418679579,0.003984580418679579
num__DEST_Total_Operations,-0.003772944429396725,0.003772944429396725
num__ORIGIN_SNWD,0.0036527655976543606,0.0036527655976543606
cat__ORIGIN_PUW,-0.003527489698878132,0.003527489698878132
num__DEST_AWND,-0.003363107356755112,0.003363107356755112
cat__DEST_IAD,0.0032884924759122684,0.0032884924759122684
cat__ORIGIN_CHS,-0.0030336277066053533,0.0030336277066053533
cat__ORIGIN_OAK,0.00294865440327018,0.00294865440327018
num__DEST_TMIN,0.002932675672103102,0.002932675672103102
num__DEST_TMAX,-0.0028286113629914025,0.0028286113629914025
cat__DEST_LFT,0.0027768951849712125,0.0027768951849712125
num__ORIGIN_Local_Total,0.0027339355027127007,0.0027339355027127007
cat__DEST_CYS,-0.002642828911225697,0.002642828911225697
num__DEST_Local_Total,0.002595643506285498,0.002595643506285498
num__ORIGIN_TMAX,-0.0025220851335977326,0.0025220851335977326
cat__ORIGIN_ELM,-0.0023787754131657304,0.0023787754131657304
cat__ORIGIN_MSN,-0.0023150471837076188,0.0023150471837076188
cat__DEST_BTR,0.002234461262082206,0.002234461262082206
num__DEST_SNWD,0.002198910069345243,0.002198910069345243
num__ORIGIN_TMIN,0.002163965844650879,0.002163965844650879
cat__DEST_LAS,0.002136594270764987,0.002136594270764987
num__ORIGIN_PRCP,0.0019464184109151043,0.0019464184109151043
num__DEST_PRCP,0.0019203137512419706,0.0019203137512419706
num__ORIGIN_Local_Military,0.001916200932542029,0.001916200932542029
cat__DEST_ITO,0.0018677717559455896,0.0018677717559455896
num__ORIGIN_Total_Itinerant,-0.00186317771213586,0.00186317771213586
num__DEST_Local_Military,0.0017374071368009862,0.0017374071368009862
cat__ORIGIN_PBI,0.0015268841745756812,0.0015268841745756812
cat__DEST_STATE_ABR_WA,-0.001470419065329382,0.001470419065329382
num__DEST_Total_Itinerant,-0.0014252895307576043,0.0014252895307576043
cat__DEST_BNA,-0.0013836712381728718,0.0013836712381728718
num__DISTANCE,0.0011550477133379367,0.0011550477133379367
cat__DEST_PLN,0.0010539515929537397,0.0010539515929537397
cat__DEST_DFW,-0.001037427806912687,0.001037427806912687
num__DEST_Local_Civil,0.0008582372031197833,0.0008582372031197833
num__ORIGIN_Local_Civil,0.000817735302706293,0.000817735302706293
num__DEST_TAVG,0.0003927471759829032,0.0003927471759829032
num__FL_DAY,-0.00022804943846307127,0.00022804943846307127
num__ORIGIN_TAVG,0.00018939778415718157,0.00018939778415718157
